"County Name","Years","Census Tract","Smoke Days"
"n/a","AllYears","State Total","7.62"
"Adams","AllYears","53001950100","13.14"
"Adams","AllYears","53001950200","13.14"
"Adams","AllYears","53001950300","13"
"Adams","AllYears","53001950400","13"
"Adams","AllYears","53001950500","12.86"
"Asotin","AllYears","53003960100","13.86"
"Asotin","AllYears","53003960200","14.43"
"Asotin","AllYears","53003960300","14"
"Asotin","AllYears","53003960400","14"
"Asotin","AllYears","53003960500","14"
"Asotin","AllYears","53003960600","14"
"Benton","AllYears","53005010100","12"
"Benton","AllYears","53005010201","12"
"Benton","AllYears","53005010202","12"
"Benton","AllYears","53005010300","12"
"Benton","AllYears","53005010400","12"
"Benton","AllYears","53005010500","12"
"Benton","AllYears","53005010600","12.14"
"Benton","AllYears","53005010701","12.29"
"Benton","AllYears","53005010703","12.43"
"Benton","AllYears","53005010705","12.14"
"Benton","AllYears","53005010707","12"
"Benton","AllYears","53005010708","12.14"
"Benton","AllYears","53005010803","12.29"
"Benton","AllYears","53005010805","12.43"
"Benton","AllYears","53005010807","12.29"
"Benton","AllYears","53005010809","12.43"
"Benton","AllYears","53005010810","12.43"
"Benton","AllYears","53005010811","12.43"
"Benton","AllYears","53005010813","12.29"
"Benton","AllYears","53005010814","12.57"
"Benton","AllYears","53005010901","12.29"
"Benton","AllYears","53005010902","12.14"
"Benton","AllYears","53005011001","12.43"
"Benton","AllYears","53005011002","12.43"
"Benton","AllYears","53005011100","12.29"
"Benton","AllYears","53005011200","12.29"
"Benton","AllYears","53005011300","12.29"
"Benton","AllYears","53005011401","12.14"
"Benton","AllYears","53005011402","12.43"
"Benton","AllYears","53005011501","12.43"
"Benton","AllYears","53005011503","12.43"
"Benton","AllYears","53005011504","12.14"
"Benton","AllYears","53005011600","12.43"
"Benton","AllYears","53005011700","12.57"
"Benton","AllYears","53005011800","12.43"
"Benton","AllYears","53005011900","12.71"
"Benton","AllYears","53005012000","13.29"
"Chelan","AllYears","53007960100","10.29"
"Chelan","AllYears","53007960200","8.43"
"Chelan","AllYears","53007960300","13"
"Chelan","AllYears","53007960400","14.14"
"Chelan","AllYears","53007960500","10.86"
"Chelan","AllYears","53007960600","11.43"
"Chelan","AllYears","53007960700","12.29"
"Chelan","AllYears","53007960801","12.14"
"Chelan","AllYears","53007960802","12.43"
"Chelan","AllYears","53007961000","12.57"
"Chelan","AllYears","53007961100","12.57"
"Chelan","AllYears","53007961200","12.43"
"Chelan","AllYears","53007961301","12.57"
"Chelan","AllYears","53007961302","12.14"
"Clallam","AllYears","53009000200","4.29"
"Clallam","AllYears","53009000300","4.29"
"Clallam","AllYears","53009000400","4.29"
"Clallam","AllYears","53009000600","4.29"
"Clallam","AllYears","53009000700","4.86"
"Clallam","AllYears","53009000800","4.86"
"Clallam","AllYears","53009000900","5"
"Clallam","AllYears","53009001000","5"
"Clallam","AllYears","53009001100","4.86"
"Clallam","AllYears","53009001200","5"
"Clallam","AllYears","53009001300","5"
"Clallam","AllYears","53009001400","4.86"
"Clallam","AllYears","53009001500","4.29"
"Clallam","AllYears","53009001600","5.14"
"Clallam","AllYears","53009001700","5.29"
"Clallam","AllYears","53009001800","4.86"
"Clallam","AllYears","53009001900","5.43"
"Clallam","AllYears","53009002000","5.43"
"Clallam","AllYears","53009002100","5.43"
"Clallam","AllYears","53009002300","5.43"
"Clallam","AllYears","53009940000","4.43"
"Clallam","AllYears","53009990100","4.71"
"Clark","AllYears","53011040101","6.71"
"Clark","AllYears","53011040102","6.71"
"Clark","AllYears","53011040201","6.43"
"Clark","AllYears","53011040202","6.43"
"Clark","AllYears","53011040203","6.71"
"Clark","AllYears","53011040301","6.57"
"Clark","AllYears","53011040302","6.71"
"Clark","AllYears","53011040403","6.57"
"Clark","AllYears","53011040407","6.71"
"Clark","AllYears","53011040408","6.57"
"Clark","AllYears","53011040409","6.57"
"Clark","AllYears","53011040411","6.57"
"Clark","AllYears","53011040412","6.57"
"Clark","AllYears","53011040413","6.57"
"Clark","AllYears","53011040414","6.71"
"Clark","AllYears","53011040415","6.71"
"Clark","AllYears","53011040416","6.71"
"Clark","AllYears","53011040504","6.57"
"Clark","AllYears","53011040505","6.71"
"Clark","AllYears","53011040507","7.14"
"Clark","AllYears","53011040508","7.14"
"Clark","AllYears","53011040509","7.29"
"Clark","AllYears","53011040510","7.29"
"Clark","AllYears","53011040511","6.71"
"Clark","AllYears","53011040603","6.57"
"Clark","AllYears","53011040604","6.86"
"Clark","AllYears","53011040605","6.86"
"Clark","AllYears","53011040608","7"
"Clark","AllYears","53011040609","7"
"Clark","AllYears","53011040610","6.86"
"Clark","AllYears","53011040703","6.71"
"Clark","AllYears","53011040706","6.71"
"Clark","AllYears","53011040707","6.71"
"Clark","AllYears","53011040709","6.71"
"Clark","AllYears","53011040710","6.71"
"Clark","AllYears","53011040711","6.71"
"Clark","AllYears","53011040712","6.86"
"Clark","AllYears","53011040803","6.57"
"Clark","AllYears","53011040805","6.57"
"Clark","AllYears","53011040806","6.71"
"Clark","AllYears","53011040808","6.71"
"Clark","AllYears","53011040809","6.71"
"Clark","AllYears","53011040810","6.71"
"Clark","AllYears","53011040904","6.57"
"Clark","AllYears","53011040905","6.57"
"Clark","AllYears","53011040907","6.43"
"Clark","AllYears","53011040908","6.43"
"Clark","AllYears","53011040909","6.43"
"Clark","AllYears","53011040910","6.43"
"Clark","AllYears","53011041003","6.71"
"Clark","AllYears","53011041005","6.43"
"Clark","AllYears","53011041007","6.57"
"Clark","AllYears","53011041008","6.43"
"Clark","AllYears","53011041009","6.57"
"Clark","AllYears","53011041010","6.71"
"Clark","AllYears","53011041011","6.71"
"Clark","AllYears","53011041104","6.71"
"Clark","AllYears","53011041105","6.71"
"Clark","AllYears","53011041107","6.71"
"Clark","AllYears","53011041108","6.71"
"Clark","AllYears","53011041110","6.71"
"Clark","AllYears","53011041111","6.71"
"Clark","AllYears","53011041112","6.71"
"Clark","AllYears","53011041201","6.86"
"Clark","AllYears","53011041203","6.71"
"Clark","AllYears","53011041205","6.86"
"Clark","AllYears","53011041206","6.86"
"Clark","AllYears","53011041309","7"
"Clark","AllYears","53011041310","7"
"Clark","AllYears","53011041312","6.71"
"Clark","AllYears","53011041313","6.71"
"Clark","AllYears","53011041317","6.86"
"Clark","AllYears","53011041318","6.86"
"Clark","AllYears","53011041319","7"
"Clark","AllYears","53011041320","7"
"Clark","AllYears","53011041321","7"
"Clark","AllYears","53011041322","7"
"Clark","AllYears","53011041323","7"
"Clark","AllYears","53011041325","7"
"Clark","AllYears","53011041326","6.71"
"Clark","AllYears","53011041327","6.86"
"Clark","AllYears","53011041328","7"
"Clark","AllYears","53011041329","7"
"Clark","AllYears","53011041330","6.71"
"Clark","AllYears","53011041331","6.71"
"Clark","AllYears","53011041332","6.71"
"Clark","AllYears","53011041333","6.71"
"Clark","AllYears","53011041400","7"
"Clark","AllYears","53011041500","7"
"Clark","AllYears","53011041600","6.86"
"Clark","AllYears","53011041700","6.86"
"Clark","AllYears","53011041800","6.71"
"Clark","AllYears","53011041900","6.71"
"Clark","AllYears","53011042000","6.71"
"Clark","AllYears","53011042100","6.71"
"Clark","AllYears","53011042300","6.86"
"Clark","AllYears","53011042400","6.86"
"Clark","AllYears","53011042500","6.86"
"Clark","AllYears","53011042600","6.86"
"Clark","AllYears","53011042700","6.86"
"Clark","AllYears","53011042800","6.86"
"Clark","AllYears","53011042900","6.86"
"Clark","AllYears","53011043000","6.86"
"Clark","AllYears","53011043100","6.86"
"Columbia","AllYears","53013960200","12.71"
"Cowlitz","AllYears","53015000300","6.43"
"Cowlitz","AllYears","53015000400","6.43"
"Cowlitz","AllYears","53015000501","6.43"
"Cowlitz","AllYears","53015000502","6.43"
"Cowlitz","AllYears","53015000601","6.43"
"Cowlitz","AllYears","53015000602","6.57"
"Cowlitz","AllYears","53015000702","6.29"
"Cowlitz","AllYears","53015000703","6.29"
"Cowlitz","AllYears","53015000704","6.29"
"Cowlitz","AllYears","53015000800","6.43"
"Cowlitz","AllYears","53015000900","6.57"
"Cowlitz","AllYears","53015001000","6.43"
"Cowlitz","AllYears","53015001100","6.43"
"Cowlitz","AllYears","53015001200","6.43"
"Cowlitz","AllYears","53015001300","6.43"
"Cowlitz","AllYears","53015001501","6.57"
"Cowlitz","AllYears","53015001502","6.57"
"Cowlitz","AllYears","53015001600","6.71"
"Cowlitz","AllYears","53015001700","6.43"
"Cowlitz","AllYears","53015001800","6.29"
"Cowlitz","AllYears","53015001900","6.14"
"Cowlitz","AllYears","53015002001","6"
"Cowlitz","AllYears","53015002002","6.57"
"Cowlitz","AllYears","53015002100","6.43"
"Douglas","AllYears","53017950100","15.43"
"Douglas","AllYears","53017950200","14.57"
"Douglas","AllYears","53017950300","12.71"
"Douglas","AllYears","53017950400","12.71"
"Douglas","AllYears","53017950500","12.71"
"Douglas","AllYears","53017950600","12.57"
"Douglas","AllYears","53017950700","12.71"
"Douglas","AllYears","53017950800","12.71"
"Ferry","AllYears","53019940000","13.86"
"Ferry","AllYears","53019970100","13.14"
"Ferry","AllYears","53019970200","13.43"
"Franklin","AllYears","53021020100","12.43"
"Franklin","AllYears","53021020200","12.57"
"Franklin","AllYears","53021020300","12.43"
"Franklin","AllYears","53021020400","12.43"
"Franklin","AllYears","53021020501","12.29"
"Franklin","AllYears","53021020502","12.29"
"Franklin","AllYears","53021020601","12.57"
"Franklin","AllYears","53021020603","12.29"
"Franklin","AllYears","53021020605","12.29"
"Franklin","AllYears","53021020606","12.14"
"Franklin","AllYears","53021020700","13"
"Franklin","AllYears","53021020800","12.57"
"Franklin","AllYears","53021980100","12.43"
"Garfield","AllYears","53023970300","12.71"
"Grant","AllYears","53025010100","13.57"
"Grant","AllYears","53025010200","13.14"
"Grant","AllYears","53025010300","13.14"
"Grant","AllYears","53025010400","13.43"
"Grant","AllYears","53025010500","13.43"
"Grant","AllYears","53025010600","13.57"
"Grant","AllYears","53025010700","13"
"Grant","AllYears","53025010800","12.86"
"Grant","AllYears","53025010901","13"
"Grant","AllYears","53025010902","13"
"Grant","AllYears","53025011000","13.29"
"Grant","AllYears","53025011100","13"
"Grant","AllYears","53025011200","13.43"
"Grant","AllYears","53025011300","12.57"
"Grant","AllYears","53025011401","13.14"
"Grant","AllYears","53025011402","13.43"
"Grays Harbor","AllYears","53027000200","4.57"
"Grays Harbor","AllYears","53027000300","4.57"
"Grays Harbor","AllYears","53027000400","4.86"
"Grays Harbor","AllYears","53027000500","5.43"
"Grays Harbor","AllYears","53027000600","5.71"
"Grays Harbor","AllYears","53027000700","5.57"
"Grays Harbor","AllYears","53027000800","4.43"
"Grays Harbor","AllYears","53027000900","4.43"
"Grays Harbor","AllYears","53027001000","4.71"
"Grays Harbor","AllYears","53027001100","4.71"
"Grays Harbor","AllYears","53027001200","4.71"
"Grays Harbor","AllYears","53027001300","4.71"
"Grays Harbor","AllYears","53027001400","4.71"
"Grays Harbor","AllYears","53027001500","4.57"
"Grays Harbor","AllYears","53027001600","4.43"
"Grays Harbor","AllYears","53027940000","4"
"Grays Harbor","AllYears","53027990000","4.29"
"Island","AllYears","53029970100","6.14"
"Island","AllYears","53029970200","6.14"
"Island","AllYears","53029970300","6.14"
"Island","AllYears","53029970400","6.14"
"Island","AllYears","53029970500","6.14"
"Island","AllYears","53029970601","6.14"
"Island","AllYears","53029970602","6.14"
"Island","AllYears","53029970700","6.14"
"Island","AllYears","53029970800","6.14"
"Island","AllYears","53029970900","6.29"
"Island","AllYears","53029971000","5.57"
"Island","AllYears","53029971100","5.57"
"Island","AllYears","53029971300","5.71"
"Island","AllYears","53029971400","6"
"Island","AllYears","53029971500","6.14"
"Island","AllYears","53029971600","6.14"
"Island","AllYears","53029971700","6.29"
"Island","AllYears","53029971800","5.86"
"Island","AllYears","53029971900","6.29"
"Island","AllYears","53029972000","6.29"
"Island","AllYears","53029972100","6.29"
"Island","AllYears","53029992201","6"
"Jefferson","AllYears","53031950202","6"
"Jefferson","AllYears","53031950300","5.71"
"Jefferson","AllYears","53031950400","5.29"
"Jefferson","AllYears","53031950500","5.57"
"Jefferson","AllYears","53031950601","5.57"
"Jefferson","AllYears","53031950602","5.57"
"Jefferson","AllYears","53031950702","3.86"
"Jefferson","AllYears","53031990000","3.86"
"King","AllYears","53033000100","6.29"
"King","AllYears","53033000200","6.14"
"King","AllYears","53033000300","6.14"
"King","AllYears","53033000401","6.14"
"King","AllYears","53033000402","6.14"
"King","AllYears","53033000500","6.14"
"King","AllYears","53033000600","6.14"
"King","AllYears","53033000700","6.14"
"King","AllYears","53033000800","6.14"
"King","AllYears","53033000900","6.29"
"King","AllYears","53033001000","6.14"
"King","AllYears","53033001100","6.14"
"King","AllYears","53033001200","6.14"
"King","AllYears","53033001300","6.14"
"King","AllYears","53033001400","6.14"
"King","AllYears","53033001500","6"
"King","AllYears","53033001600","6.14"
"King","AllYears","53033001701","6.14"
"King","AllYears","53033001702","6.14"
"King","AllYears","53033001800","6.14"
"King","AllYears","53033001900","6.14"
"King","AllYears","53033002000","6.14"
"King","AllYears","53033002100","6.14"
"King","AllYears","53033002200","6.14"
"King","AllYears","53033002400","6.14"
"King","AllYears","53033002500","6.14"
"King","AllYears","53033002600","6.14"
"King","AllYears","53033002700","6.14"
"King","AllYears","53033002800","6.14"
"King","AllYears","53033002900","6.14"
"King","AllYears","53033003000","6.14"
"King","AllYears","53033003100","6"
"King","AllYears","53033003200","6"
"King","AllYears","53033003300","6.14"
"King","AllYears","53033003400","6.14"
"King","AllYears","53033003500","6.14"
"King","AllYears","53033003600","6.14"
"King","AllYears","53033003800","6.14"
"King","AllYears","53033003900","6.14"
"King","AllYears","53033004000","6.29"
"King","AllYears","53033004100","6.14"
"King","AllYears","53033004200","6.14"
"King","AllYears","53033004301","6.14"
"King","AllYears","53033004302","6.14"
"King","AllYears","53033004400","6.14"
"King","AllYears","53033004500","6.14"
"King","AllYears","53033004600","6.14"
"King","AllYears","53033004700","6.14"
"King","AllYears","53033004800","6.14"
"King","AllYears","53033004900","6.14"
"King","AllYears","53033005000","6.14"
"King","AllYears","53033005100","6.14"
"King","AllYears","53033005200","6.14"
"King","AllYears","53033005301","6.14"
"King","AllYears","53033005302","6.14"
"King","AllYears","53033005400","6.14"
"King","AllYears","53033005600","6"
"King","AllYears","53033005700","6"
"King","AllYears","53033005801","6"
"King","AllYears","53033005802","6"
"King","AllYears","53033005900","6.14"
"King","AllYears","53033006000","6.14"
"King","AllYears","53033006100","6.14"
"King","AllYears","53033006200","6.14"
"King","AllYears","53033006300","6.14"
"King","AllYears","53033006400","6.14"
"King","AllYears","53033006500","6.14"
"King","AllYears","53033006600","6.14"
"King","AllYears","53033006700","6.14"
"King","AllYears","53033006800","6.14"
"King","AllYears","53033006900","6"
"King","AllYears","53033007000","6.14"
"King","AllYears","53033007100","6.14"
"King","AllYears","53033007200","6.14"
"King","AllYears","53033007300","6.14"
"King","AllYears","53033007401","6.14"
"King","AllYears","53033007402","6.14"
"King","AllYears","53033007500","6.14"
"King","AllYears","53033007600","6.14"
"King","AllYears","53033007700","6.14"
"King","AllYears","53033007800","6.14"
"King","AllYears","53033007900","6.14"
"King","AllYears","53033008001","6.14"
"King","AllYears","53033008002","6.14"
"King","AllYears","53033008100","6.14"
"King","AllYears","53033008200","6.14"
"King","AllYears","53033008300","6.14"
"King","AllYears","53033008400","6.14"
"King","AllYears","53033008500","6.14"
"King","AllYears","53033008600","6.14"
"King","AllYears","53033008700","6.14"
"King","AllYears","53033008800","6.14"
"King","AllYears","53033008900","6.14"
"King","AllYears","53033009000","6.14"
"King","AllYears","53033009100","6.14"
"King","AllYears","53033009200","6.14"
"King","AllYears","53033009300","6"
"King","AllYears","53033009400","6.14"
"King","AllYears","53033009500","6.14"
"King","AllYears","53033009600","5.86"
"King","AllYears","53033009701","5.86"
"King","AllYears","53033009702","5.86"
"King","AllYears","53033009800","5.86"
"King","AllYears","53033009900","5.86"
"King","AllYears","53033010001","6"
"King","AllYears","53033010002","6"
"King","AllYears","53033010100","6"
"King","AllYears","53033010200","6"
"King","AllYears","53033010300","6"
"King","AllYears","53033010401","6"
"King","AllYears","53033010402","6"
"King","AllYears","53033010500","5.86"
"King","AllYears","53033010600","5.86"
"King","AllYears","53033010701","5.86"
"King","AllYears","53033010702","5.86"
"King","AllYears","53033010800","5.86"
"King","AllYears","53033010900","6"
"King","AllYears","53033011001","6"
"King","AllYears","53033011002","6"
"King","AllYears","53033011101","6"
"King","AllYears","53033011102","6"
"King","AllYears","53033011200","5.86"
"King","AllYears","53033011300","5.86"
"King","AllYears","53033011401","5.86"
"King","AllYears","53033011402","5.86"
"King","AllYears","53033011500","5.86"
"King","AllYears","53033011600","5.86"
"King","AllYears","53033011700","6"
"King","AllYears","53033011800","6"
"King","AllYears","53033011900","6"
"King","AllYears","53033012000","5.86"
"King","AllYears","53033012100","5.86"
"King","AllYears","53033020100","6"
"King","AllYears","53033020200","6"
"King","AllYears","53033020300","6.14"
"King","AllYears","53033020401","6.29"
"King","AllYears","53033020402","6.29"
"King","AllYears","53033020500","6.29"
"King","AllYears","53033020600","6.14"
"King","AllYears","53033020700","6.14"
"King","AllYears","53033020800","6"
"King","AllYears","53033020900","6.14"
"King","AllYears","53033021000","6.14"
"King","AllYears","53033021100","6.14"
"King","AllYears","53033021300","6.29"
"King","AllYears","53033021400","6.29"
"King","AllYears","53033021500","6.29"
"King","AllYears","53033021600","6.29"
"King","AllYears","53033021700","6.29"
"King","AllYears","53033021802","6.43"
"King","AllYears","53033021803","6.29"
"King","AllYears","53033021804","6.29"
"King","AllYears","53033021903","6.29"
"King","AllYears","53033021904","6.43"
"King","AllYears","53033021905","6.29"
"King","AllYears","53033021906","6.43"
"King","AllYears","53033022001","6.29"
"King","AllYears","53033022003","6.29"
"King","AllYears","53033022005","6.29"
"King","AllYears","53033022006","6.29"
"King","AllYears","53033022101","6.29"
"King","AllYears","53033022102","6.29"
"King","AllYears","53033022201","6.29"
"King","AllYears","53033022202","6.29"
"King","AllYears","53033022203","6.29"
"King","AllYears","53033022300","6.29"
"King","AllYears","53033022400","6.29"
"King","AllYears","53033022500","6.29"
"King","AllYears","53033022603","6.29"
"King","AllYears","53033022604","6.29"
"King","AllYears","53033022605","6.43"
"King","AllYears","53033022606","6.43"
"King","AllYears","53033022701","6.29"
"King","AllYears","53033022702","6.29"
"King","AllYears","53033022703","6.29"
"King","AllYears","53033022801","6.43"
"King","AllYears","53033022802","6.43"
"King","AllYears","53033022803","6.43"
"King","AllYears","53033022901","6.57"
"King","AllYears","53033022902","6.57"
"King","AllYears","53033023000","6.57"
"King","AllYears","53033023100","6.57"
"King","AllYears","53033023201","6.57"
"King","AllYears","53033023202","6.57"
"King","AllYears","53033023300","6.57"
"King","AllYears","53033023401","6.57"
"King","AllYears","53033023403","6.57"
"King","AllYears","53033023404","6.57"
"King","AllYears","53033023500","6.29"
"King","AllYears","53033023601","6.29"
"King","AllYears","53033023603","6.43"
"King","AllYears","53033023604","6.43"
"King","AllYears","53033023700","6.29"
"King","AllYears","53033023801","6.29"
"King","AllYears","53033023803","6.29"
"King","AllYears","53033023804","6.29"
"King","AllYears","53033023900","6.14"
"King","AllYears","53033024000","6.29"
"King","AllYears","53033024100","6.29"
"King","AllYears","53033024200","6.14"
"King","AllYears","53033024300","6.14"
"King","AllYears","53033024400","6.14"
"King","AllYears","53033024500","6.14"
"King","AllYears","53033024601","6"
"King","AllYears","53033024602","6"
"King","AllYears","53033024701","6.14"
"King","AllYears","53033024702","6.14"
"King","AllYears","53033024800","6.43"
"King","AllYears","53033024901","6.29"
"King","AllYears","53033024902","6.57"
"King","AllYears","53033024903","6.57"
"King","AllYears","53033025001","6.29"
"King","AllYears","53033025003","6.57"
"King","AllYears","53033025005","6.29"
"King","AllYears","53033025006","6.71"
"King","AllYears","53033025101","6.14"
"King","AllYears","53033025102","6"
"King","AllYears","53033025200","6.14"
"King","AllYears","53033025301","6.14"
"King","AllYears","53033025302","6.14"
"King","AllYears","53033025400","6.14"
"King","AllYears","53033025500","6.14"
"King","AllYears","53033025601","6.14"
"King","AllYears","53033025602","6"
"King","AllYears","53033025701","6.14"
"King","AllYears","53033025702","6"
"King","AllYears","53033025803","6.14"
"King","AllYears","53033025804","6"
"King","AllYears","53033025805","6.14"
"King","AllYears","53033025806","6.14"
"King","AllYears","53033026001","6.14"
"King","AllYears","53033026002","6.14"
"King","AllYears","53033026100","6.14"
"King","AllYears","53033026200","6.14"
"King","AllYears","53033026300","6"
"King","AllYears","53033026400","6"
"King","AllYears","53033026500","5.86"
"King","AllYears","53033026600","5.86"
"King","AllYears","53033026700","5.86"
"King","AllYears","53033026801","5.86"
"King","AllYears","53033026802","5.86"
"King","AllYears","53033027000","5.86"
"King","AllYears","53033027100","6"
"King","AllYears","53033027200","6.14"
"King","AllYears","53033027300","6.14"
"King","AllYears","53033027400","5.86"
"King","AllYears","53033027500","5.86"
"King","AllYears","53033027600","5.86"
"King","AllYears","53033027701","5.71"
"King","AllYears","53033027702","6"
"King","AllYears","53033027800","6"
"King","AllYears","53033027900","6"
"King","AllYears","53033028000","6"
"King","AllYears","53033028100","6.14"
"King","AllYears","53033028200","6.14"
"King","AllYears","53033028300","6.14"
"King","AllYears","53033028402","6"
"King","AllYears","53033028403","6.14"
"King","AllYears","53033028500","6"
"King","AllYears","53033028600","6"
"King","AllYears","53033028700","6"
"King","AllYears","53033028801","6"
"King","AllYears","53033028802","6"
"King","AllYears","53033028901","6.14"
"King","AllYears","53033028902","6.14"
"King","AllYears","53033029001","6.14"
"King","AllYears","53033029003","6.14"
"King","AllYears","53033029004","6.14"
"King","AllYears","53033029101","6.14"
"King","AllYears","53033029102","6.14"
"King","AllYears","53033029203","6.29"
"King","AllYears","53033029204","6.29"
"King","AllYears","53033029205","6.29"
"King","AllYears","53033029206","6.29"
"King","AllYears","53033029303","6.29"
"King","AllYears","53033029304","6.14"
"King","AllYears","53033029305","6.29"
"King","AllYears","53033029306","6.14"
"King","AllYears","53033029307","6.29"
"King","AllYears","53033029403","6.14"
"King","AllYears","53033029405","6.14"
"King","AllYears","53033029406","6.29"
"King","AllYears","53033029407","6.14"
"King","AllYears","53033029408","6.14"
"King","AllYears","53033029502","6.29"
"King","AllYears","53033029503","6.14"
"King","AllYears","53033029504","6.14"
"King","AllYears","53033029601","6.29"
"King","AllYears","53033029602","6.29"
"King","AllYears","53033029700","6.29"
"King","AllYears","53033029801","6.14"
"King","AllYears","53033029802","6.14"
"King","AllYears","53033029901","6.14"
"King","AllYears","53033029902","6.14"
"King","AllYears","53033030003","6.14"
"King","AllYears","53033030004","6.14"
"King","AllYears","53033030005","6.14"
"King","AllYears","53033030006","6.14"
"King","AllYears","53033030100","6.14"
"King","AllYears","53033030201","6.14"
"King","AllYears","53033030202","6.14"
"King","AllYears","53033030304","6.14"
"King","AllYears","53033030305","6.14"
"King","AllYears","53033030306","6.14"
"King","AllYears","53033030308","6.14"
"King","AllYears","53033030309","6.14"
"King","AllYears","53033030310","6.14"
"King","AllYears","53033030311","6.14"
"King","AllYears","53033030312","6.14"
"King","AllYears","53033030313","6.14"
"King","AllYears","53033030314","6.14"
"King","AllYears","53033030401","6.14"
"King","AllYears","53033030403","6.14"
"King","AllYears","53033030404","6"
"King","AllYears","53033030501","6.14"
"King","AllYears","53033030503","6.14"
"King","AllYears","53033030504","6.14"
"King","AllYears","53033030600","6.14"
"King","AllYears","53033030700","6.14"
"King","AllYears","53033030801","6"
"King","AllYears","53033030802","6.14"
"King","AllYears","53033030901","6"
"King","AllYears","53033030902","6"
"King","AllYears","53033031000","6.43"
"King","AllYears","53033031100","6.14"
"King","AllYears","53033031202","6.57"
"King","AllYears","53033031204","6.57"
"King","AllYears","53033031205","6.29"
"King","AllYears","53033031206","6.29"
"King","AllYears","53033031301","6.57"
"King","AllYears","53033031302","6.57"
"King","AllYears","53033031400","6.57"
"King","AllYears","53033031501","6.57"
"King","AllYears","53033031502","7.14"
"King","AllYears","53033031601","6.57"
"King","AllYears","53033031603","6.43"
"King","AllYears","53033031604","6.43"
"King","AllYears","53033031605","6.43"
"King","AllYears","53033031703","6.29"
"King","AllYears","53033031704","6.29"
"King","AllYears","53033031705","6.29"
"King","AllYears","53033031706","6.29"
"King","AllYears","53033031800","6.29"
"King","AllYears","53033031903","6.43"
"King","AllYears","53033031904","6.71"
"King","AllYears","53033031906","6.57"
"King","AllYears","53033031907","6.29"
"King","AllYears","53033031908","6.29"
"King","AllYears","53033031909","6.29"
"King","AllYears","53033032002","6.43"
"King","AllYears","53033032003","6.57"
"King","AllYears","53033032005","6.57"
"King","AllYears","53033032006","6.57"
"King","AllYears","53033032007","6.43"
"King","AllYears","53033032008","6.43"
"King","AllYears","53033032010","6.43"
"King","AllYears","53033032011","6.43"
"King","AllYears","53033032102","6.57"
"King","AllYears","53033032103","6.71"
"King","AllYears","53033032104","6.71"
"King","AllYears","53033032203","6.43"
"King","AllYears","53033032207","6.71"
"King","AllYears","53033032208","6.71"
"King","AllYears","53033032210","6.43"
"King","AllYears","53033032211","6.71"
"King","AllYears","53033032212","6.57"
"King","AllYears","53033032213","6.57"
"King","AllYears","53033032214","6.71"
"King","AllYears","53033032215","6.57"
"King","AllYears","53033032307","6.43"
"King","AllYears","53033032309","6.43"
"King","AllYears","53033032311","6.43"
"King","AllYears","53033032313","6.57"
"King","AllYears","53033032315","6.43"
"King","AllYears","53033032316","6.57"
"King","AllYears","53033032317","6.43"
"King","AllYears","53033032318","6.43"
"King","AllYears","53033032319","6.43"
"King","AllYears","53033032320","6.43"
"King","AllYears","53033032321","6.43"
"King","AllYears","53033032322","6.43"
"King","AllYears","53033032323","6.43"
"King","AllYears","53033032324","6.43"
"King","AllYears","53033032325","6.43"
"King","AllYears","53033032326","6.43"
"King","AllYears","53033032327","6.57"
"King","AllYears","53033032328","6.43"
"King","AllYears","53033032329","6.43"
"King","AllYears","53033032401","6.57"
"King","AllYears","53033032402","6.43"
"King","AllYears","53033032500","6.71"
"King","AllYears","53033032601","6.43"
"King","AllYears","53033032602","6.43"
"King","AllYears","53033032702","6.86"
"King","AllYears","53033032703","6.43"
"King","AllYears","53033032704","6.29"
"King","AllYears","53033032800","6.86"
"Kitsap","AllYears","53035080101","5.57"
"Kitsap","AllYears","53035080102","5.57"
"Kitsap","AllYears","53035080200","5.57"
"Kitsap","AllYears","53035080300","5.71"
"Kitsap","AllYears","53035080400","5.71"
"Kitsap","AllYears","53035080500","5.71"
"Kitsap","AllYears","53035080600","5.57"
"Kitsap","AllYears","53035080700","5.57"
"Kitsap","AllYears","53035080800","5.57"
"Kitsap","AllYears","53035080900","5.57"
"Kitsap","AllYears","53035081000","5.71"
"Kitsap","AllYears","53035081100","5.57"
"Kitsap","AllYears","53035081200","5.71"
"Kitsap","AllYears","53035081400","5.71"
"Kitsap","AllYears","53035090101","5.71"
"Kitsap","AllYears","53035090102","5.86"
"Kitsap","AllYears","53035090201","5.71"
"Kitsap","AllYears","53035090202","5.71"
"Kitsap","AllYears","53035090300","5.71"
"Kitsap","AllYears","53035090400","5.57"
"Kitsap","AllYears","53035090501","5.71"
"Kitsap","AllYears","53035090502","5.71"
"Kitsap","AllYears","53035090700","5.71"
"Kitsap","AllYears","53035090800","5.57"
"Kitsap","AllYears","53035090900","5.71"
"Kitsap","AllYears","53035091000","5.71"
"Kitsap","AllYears","53035091100","5.57"
"Kitsap","AllYears","53035091201","5.57"
"Kitsap","AllYears","53035091203","5.57"
"Kitsap","AllYears","53035091204","5.57"
"Kitsap","AllYears","53035091301","5.57"
"Kitsap","AllYears","53035091302","5.57"
"Kitsap","AllYears","53035091400","5.57"
"Kitsap","AllYears","53035091500","5.57"
"Kitsap","AllYears","53035091600","5.57"
"Kitsap","AllYears","53035091700","5.57"
"Kitsap","AllYears","53035091800","5.57"
"Kitsap","AllYears","53035091900","5.57"
"Kitsap","AllYears","53035092000","5.57"
"Kitsap","AllYears","53035092100","5.71"
"Kitsap","AllYears","53035092200","5.71"
"Kitsap","AllYears","53035092300","5.71"
"Kitsap","AllYears","53035092400","5.71"
"Kitsap","AllYears","53035092500","5.71"
"Kitsap","AllYears","53035092600","5.71"
"Kitsap","AllYears","53035092701","5.71"
"Kitsap","AllYears","53035092704","5.71"
"Kitsap","AllYears","53035092801","5.71"
"Kitsap","AllYears","53035092802","5.71"
"Kitsap","AllYears","53035092803","5.71"
"Kitsap","AllYears","53035092901","5.71"
"Kitsap","AllYears","53035092902","5.71"
"Kitsap","AllYears","53035940000","5.71"
"Kitsap","AllYears","53035940100","5.71"
"Kittitas","AllYears","53037975100","9.14"
"Kittitas","AllYears","53037975200","11.43"
"Kittitas","AllYears","53037975300","12.29"
"Kittitas","AllYears","53037975401","12.71"
"Kittitas","AllYears","53037975402","12.57"
"Kittitas","AllYears","53037975500","12.43"
"Kittitas","AllYears","53037975600","12.29"
"Kittitas","AllYears","53037975700","12.86"
"Klickitat","AllYears","53039950100","11.57"
"Klickitat","AllYears","53039950200","10.57"
"Klickitat","AllYears","53039950300","9.14"
"Lewis","AllYears","53041970100","5.86"
"Lewis","AllYears","53041970200","5.86"
"Lewis","AllYears","53041970300","6"
"Lewis","AllYears","53041970400","5.86"
"Lewis","AllYears","53041970500","5.86"
"Lewis","AllYears","53041970600","5.86"
"Lewis","AllYears","53041970700","5.86"
"Lewis","AllYears","53041970800","5.86"
"Lewis","AllYears","53041970900","5.86"
"Lewis","AllYears","53041971000","5.86"
"Lewis","AllYears","53041971100","5.86"
"Lewis","AllYears","53041971200","6.43"
"Lewis","AllYears","53041971300","6"
"Lewis","AllYears","53041971400","5.71"
"Lewis","AllYears","53041971500","5.86"
"Lewis","AllYears","53041971600","6"
"Lewis","AllYears","53041971700","6.86"
"Lewis","AllYears","53041971800","6.29"
"Lewis","AllYears","53041971900","6.57"
"Lewis","AllYears","53041972000","7.29"
"Lincoln","AllYears","53043960100","13.29"
"Lincoln","AllYears","53043960200","13.14"
"Lincoln","AllYears","53043960300","12.86"
"Lincoln","AllYears","53043960400","13"
"Mason","AllYears","53045940000","5.29"
"Mason","AllYears","53045960100","5.29"
"Mason","AllYears","53045960200","5.29"
"Mason","AllYears","53045960300","5.43"
"Mason","AllYears","53045960400","5.57"
"Mason","AllYears","53045960500","5.57"
"Mason","AllYears","53045960600","5.57"
"Mason","AllYears","53045960700","5.71"
"Mason","AllYears","53045960800","5.71"
"Mason","AllYears","53045960900","5.71"
"Mason","AllYears","53045961000","5.86"
"Mason","AllYears","53045961100","5.86"
"Mason","AllYears","53045961200","5.71"
"Mason","AllYears","53045961300","6"
"Okanogan","AllYears","53047940100","15"
"Okanogan","AllYears","53047940200","14.14"
"Okanogan","AllYears","53047970300","14.29"
"Okanogan","AllYears","53047970400","15"
"Okanogan","AllYears","53047970500","13.71"
"Okanogan","AllYears","53047970600","14.86"
"Okanogan","AllYears","53047970700","14.57"
"Okanogan","AllYears","53047970800","15"
"Okanogan","AllYears","53047970900","12"
"Okanogan","AllYears","53047971000","14.71"
"Pacific","AllYears","53049950200","5.14"
"Pacific","AllYears","53049950300","4.71"
"Pacific","AllYears","53049950400","4.71"
"Pacific","AllYears","53049950500","4.86"
"Pacific","AllYears","53049950600","4.86"
"Pacific","AllYears","53049950700","4.71"
"Pacific","AllYears","53049950800","4.29"
"Pacific","AllYears","53049990100","4.14"
"Pend Oreille","AllYears","53051970100","11.14"
"Pend Oreille","AllYears","53051970200","12"
"Pend Oreille","AllYears","53051970300","12.14"
"Pend Oreille","AllYears","53051970400","12"
"Pend Oreille","AllYears","53051970500","11.57"
"Pierce","AllYears","53053060200","6.14"
"Pierce","AllYears","53053060300","6"
"Pierce","AllYears","53053060400","6.14"
"Pierce","AllYears","53053060500","6.14"
"Pierce","AllYears","53053060600","6.14"
"Pierce","AllYears","53053060700","6.14"
"Pierce","AllYears","53053060800","6.14"
"Pierce","AllYears","53053060903","6"
"Pierce","AllYears","53053060904","6"
"Pierce","AllYears","53053060905","6"
"Pierce","AllYears","53053060906","6"
"Pierce","AllYears","53053061001","6"
"Pierce","AllYears","53053061002","6"
"Pierce","AllYears","53053061100","6.14"
"Pierce","AllYears","53053061200","6.14"
"Pierce","AllYears","53053061300","6.14"
"Pierce","AllYears","53053061400","6.14"
"Pierce","AllYears","53053061500","6.14"
"Pierce","AllYears","53053061601","6.14"
"Pierce","AllYears","53053061602","6.14"
"Pierce","AllYears","53053061700","6.14"
"Pierce","AllYears","53053061800","6.14"
"Pierce","AllYears","53053061900","6.14"
"Pierce","AllYears","53053062000","6.14"
"Pierce","AllYears","53053062300","6.14"
"Pierce","AllYears","53053062400","6.14"
"Pierce","AllYears","53053062500","6.14"
"Pierce","AllYears","53053062600","6.14"
"Pierce","AllYears","53053062801","6.14"
"Pierce","AllYears","53053062802","6.14"
"Pierce","AllYears","53053062900","6.14"
"Pierce","AllYears","53053063000","6"
"Pierce","AllYears","53053063100","6"
"Pierce","AllYears","53053063200","6"
"Pierce","AllYears","53053063300","6"
"Pierce","AllYears","53053063400","6"
"Pierce","AllYears","53053063501","6"
"Pierce","AllYears","53053063502","6"
"Pierce","AllYears","53053070100","6.57"
"Pierce","AllYears","53053070203","6.29"
"Pierce","AllYears","53053070204","6.43"
"Pierce","AllYears","53053070205","6.43"
"Pierce","AllYears","53053070206","6.29"
"Pierce","AllYears","53053070207","6.57"
"Pierce","AllYears","53053070307","6.43"
"Pierce","AllYears","53053070308","6.57"
"Pierce","AllYears","53053070309","6.71"
"Pierce","AllYears","53053070310","6.57"
"Pierce","AllYears","53053070311","6.43"
"Pierce","AllYears","53053070312","6.43"
"Pierce","AllYears","53053070313","6.43"
"Pierce","AllYears","53053070314","6.43"
"Pierce","AllYears","53053070315","6.57"
"Pierce","AllYears","53053070316","6.14"
"Pierce","AllYears","53053070401","6.43"
"Pierce","AllYears","53053070403","6.14"
"Pierce","AllYears","53053070404","6.14"
"Pierce","AllYears","53053070703","6.14"
"Pierce","AllYears","53053071100","6"
"Pierce","AllYears","53053071205","6"
"Pierce","AllYears","53053071206","6"
"Pierce","AllYears","53053071207","6.29"
"Pierce","AllYears","53053071208","6.29"
"Pierce","AllYears","53053071209","6.43"
"Pierce","AllYears","53053071210","6.43"
"Pierce","AllYears","53053071304","6.14"
"Pierce","AllYears","53053071305","6"
"Pierce","AllYears","53053071306","5.71"
"Pierce","AllYears","53053071307","6.14"
"Pierce","AllYears","53053071309","6.14"
"Pierce","AllYears","53053071310","6.14"
"Pierce","AllYears","53053071403","5.86"
"Pierce","AllYears","53053071406","6.14"
"Pierce","AllYears","53053071407","6.14"
"Pierce","AllYears","53053071408","5.86"
"Pierce","AllYears","53053071409","6.14"
"Pierce","AllYears","53053071410","6"
"Pierce","AllYears","53053071411","6"
"Pierce","AllYears","53053071503","6"
"Pierce","AllYears","53053071504","6"
"Pierce","AllYears","53053071505","6"
"Pierce","AllYears","53053071506","5.86"
"Pierce","AllYears","53053071601","6"
"Pierce","AllYears","53053071602","6"
"Pierce","AllYears","53053071703","6"
"Pierce","AllYears","53053071704","6"
"Pierce","AllYears","53053071705","6"
"Pierce","AllYears","53053071706","6"
"Pierce","AllYears","53053071707","6"
"Pierce","AllYears","53053071803","6.14"
"Pierce","AllYears","53053071805","6"
"Pierce","AllYears","53053071806","6"
"Pierce","AllYears","53053071807","6"
"Pierce","AllYears","53053071808","6"
"Pierce","AllYears","53053071901","6"
"Pierce","AllYears","53053071902","6"
"Pierce","AllYears","53053072000","6"
"Pierce","AllYears","53053072105","6"
"Pierce","AllYears","53053072106","6.14"
"Pierce","AllYears","53053072107","5.86"
"Pierce","AllYears","53053072108","6"
"Pierce","AllYears","53053072109","6"
"Pierce","AllYears","53053072111","6"
"Pierce","AllYears","53053072112","5.86"
"Pierce","AllYears","53053072305","6.14"
"Pierce","AllYears","53053072307","6"
"Pierce","AllYears","53053072308","6"
"Pierce","AllYears","53053072309","6"
"Pierce","AllYears","53053072310","6"
"Pierce","AllYears","53053072311","6"
"Pierce","AllYears","53053072312","6.14"
"Pierce","AllYears","53053072313","6.14"
"Pierce","AllYears","53053072405","5.71"
"Pierce","AllYears","53053072406","5.86"
"Pierce","AllYears","53053072407","5.86"
"Pierce","AllYears","53053072408","5.86"
"Pierce","AllYears","53053072409","5.86"
"Pierce","AllYears","53053072410","5.71"
"Pierce","AllYears","53053072503","5.71"
"Pierce","AllYears","53053072504","5.86"
"Pierce","AllYears","53053072505","5.71"
"Pierce","AllYears","53053072506","5.86"
"Pierce","AllYears","53053072507","5.86"
"Pierce","AllYears","53053072601","5.57"
"Pierce","AllYears","53053072602","5.71"
"Pierce","AllYears","53053072603","5.86"
"Pierce","AllYears","53053072800","5.86"
"Pierce","AllYears","53053072901","6"
"Pierce","AllYears","53053072903","5.86"
"Pierce","AllYears","53053072905","5.71"
"Pierce","AllYears","53053072906","6"
"Pierce","AllYears","53053072907","5.86"
"Pierce","AllYears","53053073001","6"
"Pierce","AllYears","53053073005","6.29"
"Pierce","AllYears","53053073006","6.43"
"Pierce","AllYears","53053073108","6.14"
"Pierce","AllYears","53053073110","6.14"
"Pierce","AllYears","53053073111","6.14"
"Pierce","AllYears","53053073113","6.14"
"Pierce","AllYears","53053073114","6.14"
"Pierce","AllYears","53053073115","6.14"
"Pierce","AllYears","53053073116","6.29"
"Pierce","AllYears","53053073117","6.29"
"Pierce","AllYears","53053073118","6.29"
"Pierce","AllYears","53053073119","6"
"Pierce","AllYears","53053073120","6.14"
"Pierce","AllYears","53053073121","6.14"
"Pierce","AllYears","53053073122","6.14"
"Pierce","AllYears","53053073123","6.14"
"Pierce","AllYears","53053073124","6.14"
"Pierce","AllYears","53053073125","6.14"
"Pierce","AllYears","53053073126","6.14"
"Pierce","AllYears","53053073200","6"
"Pierce","AllYears","53053073301","6.29"
"Pierce","AllYears","53053073302","6.29"
"Pierce","AllYears","53053073404","6.14"
"Pierce","AllYears","53053073405","6.29"
"Pierce","AllYears","53053073406","6.29"
"Pierce","AllYears","53053073407","6"
"Pierce","AllYears","53053073408","6.14"
"Pierce","AllYears","53053073500","6"
"Pierce","AllYears","53053940001","6.14"
"Pierce","AllYears","53053940002","6.14"
"Pierce","AllYears","53053940003","6.14"
"Pierce","AllYears","53053940004","6.14"
"Pierce","AllYears","53053940005","6.14"
"Pierce","AllYears","53053940006","6"
"Pierce","AllYears","53053940007","6.14"
"Pierce","AllYears","53053940008","6.14"
"Pierce","AllYears","53053940009","6.14"
"Pierce","AllYears","53053940010","6"
"Pierce","AllYears","53053940011","6.14"
"San Juan","AllYears","53055960100","5.86"
"San Juan","AllYears","53055960300","5.71"
"San Juan","AllYears","53055960400","5.71"
"San Juan","AllYears","53055960500","6"
"San Juan","AllYears","53055990100","5.71"
"Skagit","AllYears","53057940200","6.14"
"Skagit","AllYears","53057940300","6.14"
"Skagit","AllYears","53057940400","6.14"
"Skagit","AllYears","53057940500","6.14"
"Skagit","AllYears","53057940600","6.14"
"Skagit","AllYears","53057940700","6.14"
"Skagit","AllYears","53057940800","6.29"
"Skagit","AllYears","53057950100","6.14"
"Skagit","AllYears","53057950800","6.14"
"Skagit","AllYears","53057950900","6.29"
"Skagit","AllYears","53057951000","6.29"
"Skagit","AllYears","53057951100","7.29"
"Skagit","AllYears","53057951200","6.29"
"Skagit","AllYears","53057951300","6.29"
"Skagit","AllYears","53057951400","6.29"
"Skagit","AllYears","53057951500","6.29"
"Skagit","AllYears","53057951600","6.29"
"Skagit","AllYears","53057951700","6.29"
"Skagit","AllYears","53057951800","6.29"
"Skagit","AllYears","53057951900","6.29"
"Skagit","AllYears","53057952100","6.29"
"Skagit","AllYears","53057952200","6.29"
"Skagit","AllYears","53057952301","6.29"
"Skagit","AllYears","53057952302","6.29"
"Skagit","AllYears","53057952401","6.29"
"Skagit","AllYears","53057952402","6.29"
"Skagit","AllYears","53057952500","6.43"
"Skagit","AllYears","53057952600","6.43"
"Skagit","AllYears","53057952700","6.43"
"Skagit","AllYears","53057990100","6"
"Skamania","AllYears","53059950100","7.29"
"Skamania","AllYears","53059950200","7.29"
"Skamania","AllYears","53059950300","7.43"
"Skamania","AllYears","53059950400","8.86"
"Skamania","AllYears","53059950500","7.43"
"Snohomish","AllYears","53061040100","6.43"
"Snohomish","AllYears","53061040200","6.43"
"Snohomish","AllYears","53061040300","6.43"
"Snohomish","AllYears","53061040400","6.43"
"Snohomish","AllYears","53061040500","6.43"
"Snohomish","AllYears","53061040700","6.43"
"Snohomish","AllYears","53061040800","6.29"
"Snohomish","AllYears","53061040900","6.29"
"Snohomish","AllYears","53061041000","6.43"
"Snohomish","AllYears","53061041100","6.29"
"Snohomish","AllYears","53061041201","6.29"
"Snohomish","AllYears","53061041202","6.29"
"Snohomish","AllYears","53061041301","6.29"
"Snohomish","AllYears","53061041303","6.29"
"Snohomish","AllYears","53061041304","6.29"
"Snohomish","AllYears","53061041400","6.43"
"Snohomish","AllYears","53061041500","6.43"
"Snohomish","AllYears","53061041601","6.43"
"Snohomish","AllYears","53061041605","6.43"
"Snohomish","AllYears","53061041606","6.43"
"Snohomish","AllYears","53061041607","6.43"
"Snohomish","AllYears","53061041608","6.43"
"Snohomish","AllYears","53061041701","6.29"
"Snohomish","AllYears","53061041703","6.29"
"Snohomish","AllYears","53061041704","6.29"
"Snohomish","AllYears","53061041805","6.29"
"Snohomish","AllYears","53061041806","6.29"
"Snohomish","AllYears","53061041808","6.29"
"Snohomish","AllYears","53061041809","6.29"
"Snohomish","AllYears","53061041810","6.29"
"Snohomish","AllYears","53061041811","6.29"
"Snohomish","AllYears","53061041812","6.29"
"Snohomish","AllYears","53061041901","6.29"
"Snohomish","AllYears","53061041903","6.29"
"Snohomish","AllYears","53061041904","6.29"
"Snohomish","AllYears","53061041905","6.29"
"Snohomish","AllYears","53061042001","6.29"
"Snohomish","AllYears","53061042003","6.14"
"Snohomish","AllYears","53061042004","6.14"
"Snohomish","AllYears","53061042005","6.14"
"Snohomish","AllYears","53061042006","6.29"
"Snohomish","AllYears","53061050101","6.14"
"Snohomish","AllYears","53061050102","6.14"
"Snohomish","AllYears","53061050200","6.14"
"Snohomish","AllYears","53061050300","6.14"
"Snohomish","AllYears","53061050401","6.14"
"Snohomish","AllYears","53061050402","6.14"
"Snohomish","AllYears","53061050500","6"
"Snohomish","AllYears","53061050600","6"
"Snohomish","AllYears","53061050700","6"
"Snohomish","AllYears","53061050800","6"
"Snohomish","AllYears","53061050900","6.14"
"Snohomish","AllYears","53061051000","6.14"
"Snohomish","AllYears","53061051100","6.29"
"Snohomish","AllYears","53061051200","6.14"
"Snohomish","AllYears","53061051300","6.29"
"Snohomish","AllYears","53061051400","6.14"
"Snohomish","AllYears","53061051500","6.14"
"Snohomish","AllYears","53061051601","6.14"
"Snohomish","AllYears","53061051602","6.14"
"Snohomish","AllYears","53061051701","6.14"
"Snohomish","AllYears","53061051702","6.14"
"Snohomish","AllYears","53061051802","6.14"
"Snohomish","AllYears","53061051803","6.14"
"Snohomish","AllYears","53061051804","6.14"
"Snohomish","AllYears","53061051905","6.29"
"Snohomish","AllYears","53061051912","6.43"
"Snohomish","AllYears","53061051913","6.29"
"Snohomish","AllYears","53061051914","6.29"
"Snohomish","AllYears","53061051915","6.29"
"Snohomish","AllYears","53061051916","6.29"
"Snohomish","AllYears","53061051917","6.29"
"Snohomish","AllYears","53061051918","6.29"
"Snohomish","AllYears","53061051921","6.29"
"Snohomish","AllYears","53061051922","6.29"
"Snohomish","AllYears","53061051923","6.29"
"Snohomish","AllYears","53061051924","6.29"
"Snohomish","AllYears","53061051925","6.29"
"Snohomish","AllYears","53061051926","6.43"
"Snohomish","AllYears","53061051927","6.29"
"Snohomish","AllYears","53061051928","6.14"
"Snohomish","AllYears","53061052003","6.57"
"Snohomish","AllYears","53061052004","6.29"
"Snohomish","AllYears","53061052005","6.43"
"Snohomish","AllYears","53061052006","6.43"
"Snohomish","AllYears","53061052007","6.43"
"Snohomish","AllYears","53061052104","6.43"
"Snohomish","AllYears","53061052105","6.57"
"Snohomish","AllYears","53061052107","6.57"
"Snohomish","AllYears","53061052108","6.57"
"Snohomish","AllYears","53061052112","6.57"
"Snohomish","AllYears","53061052113","6.57"
"Snohomish","AllYears","53061052114","6.57"
"Snohomish","AllYears","53061052115","6.57"
"Snohomish","AllYears","53061052118","6.57"
"Snohomish","AllYears","53061052203","6.57"
"Snohomish","AllYears","53061052204","6.57"
"Snohomish","AllYears","53061052206","6.57"
"Snohomish","AllYears","53061052207","6.29"
"Snohomish","AllYears","53061052208","6.57"
"Snohomish","AllYears","53061052209","6.57"
"Snohomish","AllYears","53061052301","6.71"
"Snohomish","AllYears","53061052302","6.57"
"Snohomish","AllYears","53061052401","6.57"
"Snohomish","AllYears","53061052402","6.57"
"Snohomish","AllYears","53061052502","6.43"
"Snohomish","AllYears","53061052503","6.43"
"Snohomish","AllYears","53061052504","6.43"
"Snohomish","AllYears","53061052603","6.57"
"Snohomish","AllYears","53061052604","6.57"
"Snohomish","AllYears","53061052605","6.57"
"Snohomish","AllYears","53061052606","6.57"
"Snohomish","AllYears","53061052607","6.43"
"Snohomish","AllYears","53061052701","6.57"
"Snohomish","AllYears","53061052705","6.57"
"Snohomish","AllYears","53061052706","6.43"
"Snohomish","AllYears","53061052707","6.57"
"Snohomish","AllYears","53061052708","6.57"
"Snohomish","AllYears","53061052709","6.57"
"Snohomish","AllYears","53061052803","6.43"
"Snohomish","AllYears","53061052804","6.57"
"Snohomish","AllYears","53061052805","6.43"
"Snohomish","AllYears","53061052806","6.57"
"Snohomish","AllYears","53061052903","6.43"
"Snohomish","AllYears","53061052904","6.43"
"Snohomish","AllYears","53061052905","6.43"
"Snohomish","AllYears","53061052906","6.43"
"Snohomish","AllYears","53061053101","6.29"
"Snohomish","AllYears","53061053102","6.29"
"Snohomish","AllYears","53061053201","6.29"
"Snohomish","AllYears","53061053202","6.29"
"Snohomish","AllYears","53061053301","6.43"
"Snohomish","AllYears","53061053302","6.43"
"Snohomish","AllYears","53061053400","6.57"
"Snohomish","AllYears","53061053504","6.43"
"Snohomish","AllYears","53061053505","6.57"
"Snohomish","AllYears","53061053506","6.43"
"Snohomish","AllYears","53061053507","6.43"
"Snohomish","AllYears","53061053508","6.43"
"Snohomish","AllYears","53061053509","6.43"
"Snohomish","AllYears","53061053602","6.14"
"Snohomish","AllYears","53061053603","6.57"
"Snohomish","AllYears","53061053604","6.57"
"Snohomish","AllYears","53061053700","6.71"
"Snohomish","AllYears","53061053801","6.71"
"Snohomish","AllYears","53061053802","6.29"
"Snohomish","AllYears","53061053803","6.29"
"Snohomish","AllYears","53061940001","6.29"
"Snohomish","AllYears","53061940002","6.29"
"Snohomish","AllYears","53061990002","6.29"
"Spokane","AllYears","53063000200","13.29"
"Spokane","AllYears","53063000300","13.29"
"Spokane","AllYears","53063000400","13.29"
"Spokane","AllYears","53063000500","13.29"
"Spokane","AllYears","53063000600","13.29"
"Spokane","AllYears","53063000700","13.43"
"Spokane","AllYears","53063000800","13.57"
"Spokane","AllYears","53063000900","13.43"
"Spokane","AllYears","53063001000","13.43"
"Spokane","AllYears","53063001100","13.29"
"Spokane","AllYears","53063001200","13.29"
"Spokane","AllYears","53063001300","13.29"
"Spokane","AllYears","53063001400","13.29"
"Spokane","AllYears","53063001500","13.29"
"Spokane","AllYears","53063001600","13.29"
"Spokane","AllYears","53063001800","13.14"
"Spokane","AllYears","53063001900","13.29"
"Spokane","AllYears","53063002000","13.14"
"Spokane","AllYears","53063002100","13.14"
"Spokane","AllYears","53063002300","13.14"
"Spokane","AllYears","53063002400","13.14"
"Spokane","AllYears","53063002500","13.14"
"Spokane","AllYears","53063002600","13.14"
"Spokane","AllYears","53063002900","13"
"Spokane","AllYears","53063003000","12.86"
"Spokane","AllYears","53063003100","12.86"
"Spokane","AllYears","53063003200","13"
"Spokane","AllYears","53063003500","13.14"
"Spokane","AllYears","53063003600","13.14"
"Spokane","AllYears","53063003800","13"
"Spokane","AllYears","53063003900","13.14"
"Spokane","AllYears","53063004000","13"
"Spokane","AllYears","53063004100","13"
"Spokane","AllYears","53063004200","12.86"
"Spokane","AllYears","53063004300","13"
"Spokane","AllYears","53063004400","13"
"Spokane","AllYears","53063004500","13"
"Spokane","AllYears","53063004601","13"
"Spokane","AllYears","53063004602","13"
"Spokane","AllYears","53063004700","13"
"Spokane","AllYears","53063004800","13"
"Spokane","AllYears","53063004900","13"
"Spokane","AllYears","53063005000","13.14"
"Spokane","AllYears","53063010100","12.57"
"Spokane","AllYears","53063010201","12.43"
"Spokane","AllYears","53063010202","13.14"
"Spokane","AllYears","53063010301","13"
"Spokane","AllYears","53063010303","13.71"
"Spokane","AllYears","53063010304","12.86"
"Spokane","AllYears","53063010305","13.29"
"Spokane","AllYears","53063010401","13.14"
"Spokane","AllYears","53063010402","13.57"
"Spokane","AllYears","53063010501","13.43"
"Spokane","AllYears","53063010503","13.57"
"Spokane","AllYears","53063010504","13.43"
"Spokane","AllYears","53063010601","13.57"
"Spokane","AllYears","53063010602","13.57"
"Spokane","AllYears","53063010700","13.43"
"Spokane","AllYears","53063010800","13.57"
"Spokane","AllYears","53063010900","13.57"
"Spokane","AllYears","53063011000","13.57"
"Spokane","AllYears","53063011101","13.43"
"Spokane","AllYears","53063011102","13.57"
"Spokane","AllYears","53063011201","13.57"
"Spokane","AllYears","53063011202","13.29"
"Spokane","AllYears","53063011300","13.14"
"Spokane","AllYears","53063011400","13"
"Spokane","AllYears","53063011500","13"
"Spokane","AllYears","53063011600","13"
"Spokane","AllYears","53063011701","13"
"Spokane","AllYears","53063011702","12.86"
"Spokane","AllYears","53063011800","12.86"
"Spokane","AllYears","53063011900","12.86"
"Spokane","AllYears","53063012000","13"
"Spokane","AllYears","53063012100","13"
"Spokane","AllYears","53063012200","12.86"
"Spokane","AllYears","53063012300","13"
"Spokane","AllYears","53063012401","12.71"
"Spokane","AllYears","53063012402","13.14"
"Spokane","AllYears","53063012500","12.86"
"Spokane","AllYears","53063012600","12.86"
"Spokane","AllYears","53063012701","12.86"
"Spokane","AllYears","53063012702","13"
"Spokane","AllYears","53063012801","13"
"Spokane","AllYears","53063012802","12.86"
"Spokane","AllYears","53063012901","12.86"
"Spokane","AllYears","53063012902","13"
"Spokane","AllYears","53063013000","12.86"
"Spokane","AllYears","53063013100","12.71"
"Spokane","AllYears","53063013201","12.71"
"Spokane","AllYears","53063013202","12.71"
"Spokane","AllYears","53063013300","13.14"
"Spokane","AllYears","53063013401","12.86"
"Spokane","AllYears","53063013500","13.14"
"Spokane","AllYears","53063013600","13"
"Spokane","AllYears","53063013700","13"
"Spokane","AllYears","53063013800","13.29"
"Spokane","AllYears","53063013900","13.43"
"Spokane","AllYears","53063014001","13.29"
"Spokane","AllYears","53063014002","13.29"
"Spokane","AllYears","53063014100","13.29"
"Spokane","AllYears","53063014200","13.14"
"Spokane","AllYears","53063014300","13"
"Spokane","AllYears","53063014400","13.29"
"Spokane","AllYears","53063014500","13.14"
"Stevens","AllYears","53065941000","12.86"
"Stevens","AllYears","53065950100","12.29"
"Stevens","AllYears","53065950200","13.29"
"Stevens","AllYears","53065950300","13.14"
"Stevens","AllYears","53065950500","12.86"
"Stevens","AllYears","53065950600","12"
"Stevens","AllYears","53065950700","12"
"Stevens","AllYears","53065950800","12.43"
"Stevens","AllYears","53065950900","12.86"
"Stevens","AllYears","53065951100","12.71"
"Stevens","AllYears","53065951300","12.43"
"Stevens","AllYears","53065951400","13.43"
"Thurston","AllYears","53067010100","5.57"
"Thurston","AllYears","53067010200","5.57"
"Thurston","AllYears","53067010300","5.57"
"Thurston","AllYears","53067010400","5.57"
"Thurston","AllYears","53067010510","5.57"
"Thurston","AllYears","53067010520","5.57"
"Thurston","AllYears","53067010600","5.71"
"Thurston","AllYears","53067010700","5.57"
"Thurston","AllYears","53067010800","5.71"
"Thurston","AllYears","53067010910","5.71"
"Thurston","AllYears","53067010920","5.71"
"Thurston","AllYears","53067011000","5.71"
"Thurston","AllYears","53067011100","5.71"
"Thurston","AllYears","53067011200","5.57"
"Thurston","AllYears","53067011300","5.57"
"Thurston","AllYears","53067011410","5.57"
"Thurston","AllYears","53067011420","5.57"
"Thurston","AllYears","53067011500","5.57"
"Thurston","AllYears","53067011610","5.57"
"Thurston","AllYears","53067011621","5.57"
"Thurston","AllYears","53067011622","5.57"
"Thurston","AllYears","53067011623","5.57"
"Thurston","AllYears","53067011624","5.57"
"Thurston","AllYears","53067011710","5.71"
"Thurston","AllYears","53067011720","5.71"
"Thurston","AllYears","53067011810","5.71"
"Thurston","AllYears","53067011821","5.71"
"Thurston","AllYears","53067011822","5.71"
"Thurston","AllYears","53067011900","6"
"Thurston","AllYears","53067012000","5.86"
"Thurston","AllYears","53067012100","5.86"
"Thurston","AllYears","53067012211","5.86"
"Thurston","AllYears","53067012212","5.57"
"Thurston","AllYears","53067012221","5.86"
"Thurston","AllYears","53067012222","5.71"
"Thurston","AllYears","53067012310","5.57"
"Thurston","AllYears","53067012320","5.71"
"Thurston","AllYears","53067012330","5.57"
"Thurston","AllYears","53067012411","6"
"Thurston","AllYears","53067012412","6"
"Thurston","AllYears","53067012420","5.71"
"Thurston","AllYears","53067012510","6.43"
"Thurston","AllYears","53067012520","6.14"
"Thurston","AllYears","53067012530","5.86"
"Thurston","AllYears","53067012610","5.86"
"Thurston","AllYears","53067012620","5.86"
"Thurston","AllYears","53067012710","5.86"
"Thurston","AllYears","53067012720","5.86"
"Thurston","AllYears","53067012730","5.86"
"Wahkiakum","AllYears","53069950100","5.43"
"Walla Walla","AllYears","53071920000","13"
"Walla Walla","AllYears","53071920100","12.71"
"Walla Walla","AllYears","53071920200","12.43"
"Walla Walla","AllYears","53071920300","12.29"
"Walla Walla","AllYears","53071920400","12.43"
"Walla Walla","AllYears","53071920500","12.29"
"Walla Walla","AllYears","53071920600","12.29"
"Walla Walla","AllYears","53071920701","12.29"
"Walla Walla","AllYears","53071920702","12.29"
"Walla Walla","AllYears","53071920801","12.43"
"Walla Walla","AllYears","53071920802","12.43"
"Walla Walla","AllYears","53071920900","12"
"Whatcom","AllYears","53073000100","6.29"
"Whatcom","AllYears","53073000200","6.14"
"Whatcom","AllYears","53073000300","6.14"
"Whatcom","AllYears","53073000400","6.14"
"Whatcom","AllYears","53073000501","6.14"
"Whatcom","AllYears","53073000502","6.14"
"Whatcom","AllYears","53073000600","6.14"
"Whatcom","AllYears","53073000700","6.29"
"Whatcom","AllYears","53073000803","6.29"
"Whatcom","AllYears","53073000804","6.14"
"Whatcom","AllYears","53073000805","6.29"
"Whatcom","AllYears","53073000806","6.29"
"Whatcom","AllYears","53073000901","6.14"
"Whatcom","AllYears","53073000902","6"
"Whatcom","AllYears","53073001000","6.14"
"Whatcom","AllYears","53073001100","6.14"
"Whatcom","AllYears","53073001201","6.14"
"Whatcom","AllYears","53073001202","6.29"
"Whatcom","AllYears","53073010100","7"
"Whatcom","AllYears","53073010200","6.14"
"Whatcom","AllYears","53073010301","6.14"
"Whatcom","AllYears","53073010302","6.14"
"Whatcom","AllYears","53073010303","6.14"
"Whatcom","AllYears","53073010401","6"
"Whatcom","AllYears","53073010403","5.86"
"Whatcom","AllYears","53073010404","5.86"
"Whatcom","AllYears","53073010501","6"
"Whatcom","AllYears","53073010502","6.29"
"Whatcom","AllYears","53073010600","6.29"
"Whatcom","AllYears","53073010701","6.29"
"Whatcom","AllYears","53073010702","6.14"
"Whatcom","AllYears","53073010900","6"
"Whatcom","AllYears","53073011000","5.71"
"Whatcom","AllYears","53073940000","6.14"
"Whitman","AllYears","53075000100","13.57"
"Whitman","AllYears","53075000200","13.43"
"Whitman","AllYears","53075000300","13.57"
"Whitman","AllYears","53075000400","14.14"
"Whitman","AllYears","53075000500","13.57"
"Whitman","AllYears","53075000600","13.43"
"Whitman","AllYears","53075000700","12.71"
"Whitman","AllYears","53075000800","13"
"Whitman","AllYears","53075000900","12.43"
"Whitman","AllYears","53075001000","13"
"Yakima","AllYears","53077000100","13.29"
"Yakima","AllYears","53077000200","13.14"
"Yakima","AllYears","53077000300","13.29"
"Yakima","AllYears","53077000400","13.57"
"Yakima","AllYears","53077000500","13.29"
"Yakima","AllYears","53077000600","13.29"
"Yakima","AllYears","53077000700","13.29"
"Yakima","AllYears","53077000800","13.29"
"Yakima","AllYears","53077000901","13.43"
"Yakima","AllYears","53077000902","13.43"
"Yakima","AllYears","53077001000","13.29"
"Yakima","AllYears","53077001100","13.57"
"Yakima","AllYears","53077001201","13.43"
"Yakima","AllYears","53077001202","13.43"
"Yakima","AllYears","53077001300","13.43"
"Yakima","AllYears","53077001400","13.43"
"Yakima","AllYears","53077001501","13.43"
"Yakima","AllYears","53077001502","13.43"
"Yakima","AllYears","53077001601","13.29"
"Yakima","AllYears","53077001602","13.43"
"Yakima","AllYears","53077001701","13"
"Yakima","AllYears","53077001702","13.43"
"Yakima","AllYears","53077001800","12.57"
"Yakima","AllYears","53077001901","12.86"
"Yakima","AllYears","53077001902","13"
"Yakima","AllYears","53077002001","12.57"
"Yakima","AllYears","53077002002","12.57"
"Yakima","AllYears","53077002101","12.57"
"Yakima","AllYears","53077002102","12.43"
"Yakima","AllYears","53077002200","13"
"Yakima","AllYears","53077002701","12.57"
"Yakima","AllYears","53077002801","12.57"
"Yakima","AllYears","53077002802","13"
"Yakima","AllYears","53077002900","12.71"
"Yakima","AllYears","53077003001","11.14"
"Yakima","AllYears","53077003002","12.71"
"Yakima","AllYears","53077003100","13.43"
"Yakima","AllYears","53077003200","13.14"
"Yakima","AllYears","53077003400","13.14"
"Yakima","AllYears","53077940001","12.57"
"Yakima","AllYears","53077940002","12.57"
"Yakima","AllYears","53077940003","11.71"
"Yakima","AllYears","53077940004","12.86"
"Yakima","AllYears","53077940005","12.57"
"Yakima","AllYears","53077940006","12.71"


"Wildfire Smoke "
"Geography: Census Tract, Year: All Years"
"Created: 2/12/2023"

"""**"" indicates data suppression to protect confidentiality."

"""--"" indicates no data collected."

"""NR"" indicates data are not reliable."
